rep,shap_re
0,1.621598
1,1.752416
2,1.809448
3,1.719623
4,1.593515
min,1.593515
max,1.809448
relative_spread,0.127071
