{
  "paper": "2578_DOVE_Efficient_One_Step_Diffusion_Model_for_Real_World_Video",
  "n_runs": 10,
  "counts": {
    "n_findings": {
      "mean": 7.5,
      "sd": 1.5811388300841898,
      "cv": 0.21081851067789198,
      "min": 5.0,
      "max": 10.0
    },
    "n_high": {
      "mean": 2.4,
      "sd": 1.0749676997731399,
      "cv": 0.4479032082388083,
      "min": 1.0,
      "max": 4.0
    },
    "per_run_findings": [
      5,
      8,
      8,
      6,
      7,
      9,
      9,
      7,
      10,
      6
    ],
    "per_run_high": [
      1,
      1,
      4,
      3,
      1,
      3,
      3,
      3,
      3,
      2
    ]
  },
  "alignment": {
    "anchor": {
      "n_canonical_issues": 20,
      "detection_rate_hist": [
        0,
        10,
        3,
        3,
        2,
        2
      ],
      "stable_core_ge80": 2,
      "flaky_le30": 11,
      "midband": 7,
      "stable_core_fraction": 0.1,
      "mean_run_core_share": 0.28182539682539687,
      "jaccard_mean": 0.4110894044227378,
      "jaccard_ci95": [
        0.37598618511118514,
        0.44525725509058833
      ],
      "alpha_presence_nominal": 0.3360026693360084,
      "severity_within_issue_sd_mean": 0.48421574267441525,
      "severity_majority_match_rate": 0.6875077303648732
    },
    "semantic": {
      "n_canonical_issues": 19,
      "detection_rate_hist": [
        0,
        9,
        2,
        4,
        2,
        2
      ],
      "stable_core_ge80": 2,
      "flaky_le30": 9,
      "midband": 8,
      "stable_core_fraction": 0.10526315789473684,
      "mean_run_core_share": 0.2782539682539683,
      "jaccard_mean": 0.4277017427017427,
      "jaccard_ci95": [
        0.3892901912901913,
        0.4658504134754135
      ],
      "alpha_presence_nominal": 0.3304347826087016,
      "severity_within_issue_sd_mean": 0.4210038888938802,
      "severity_majority_match_rate": 0.7345238095238095
    }
  },
  "post_verify": {
    "survival_rate_mean": 1.0,
    "survival_per_run": [
      1.0,
      1.0,
      1.0,
      1.0,
      1.0,
      1.0,
      1.0,
      1.0,
      1.0,
      1.0
    ],
    "n_canonical_issues_kept": 20,
    "stable_core_ge80": 2,
    "stable_core_fraction": 0.1,
    "jaccard_mean": 0.4110894044227378,
    "alpha_presence_nominal": 0.3360026693360084
  },
  "headline": {
    "any_high_per_run": [
      1,
      1,
      1,
      1,
      1,
      1,
      1,
      1,
      1,
      1
    ],
    "any_high_agreement": 1.0
  }
}