task,t1,t2,t3,step,repo_penalty,paper_penalty,match
arith,3,0,0,25,-0.451188,-0.451188,True
arith,3,2,0,35,-0.617107,-0.617107,True
arith,5,4,6,60,-0.931437,-0.931437,True
arith,0,0,0,60,-0.0,-0.0,True
coin,2,0,0,7,-0.139292,-0.139292,True
coin,2,1,0,12,-0.195472,-0.195472,True
coin,1,1,3,35,-0.275664,-0.275664,True
