{
  "g_length": [
    1.0,
    2.0,
    3.0,
    4.0,
    5.0,
    6.0,
    7.0,
    8.0,
    9.0,
    10.0,
    11.0,
    12.0,
    13.0,
    14.0,
    15.0,
    16.0,
    17.0,
    18.0,
    19.0,
    20.0
  ],
  "KL_div": [
    0.7874987721443176,
    1.056992769241333,
    0.88660728931427,
    0.6136325597763062,
    0.38167986273765564,
    0.22293098270893097,
    0.12543778121471405,
    0.06859779357910156,
    0.0370190255343914,
    0.019736601039767265,
    0.010405766777694225,
    0.00545238982886076,
    0.0028354546520859003,
    0.0014788787811994553,
    0.0007639470277354121,
    0.0003943115007132292,
    0.00020170913194306195,
    0.00010447832755744457,
    5.329227133188397e-05,
    2.7500655050971545e-05
  ],
  "d_prob": [
    1.3173623085021973,
    1.3171736001968384,
    1.317436933517456,
    1.316858172416687,
    1.317862868309021,
    1.3168960809707642,
    1.3174313306808472,
    1.317422866821289,
    1.3178176879882812,
    1.3175981044769287,
    1.317063808441162,
    1.317119836807251,
    1.3168693780899048,
    1.3173718452453613,
    1.3168675899505615,
    1.3169020414352417,
    1.3174575567245483,
    1.3177088499069214,
    1.3171073198318481,
    1.3175028562545776
  ],
  "mCCA_f": [
    0.0008711711035057579,
    0.0009685751711454656,
    0.0010641733081860048,
    0.0007582113001031972,
    0.0006922612624305721,
    0.0011238921142848733,
    0.0008449982451694741,
    0.0005265990128808653,
    0.000692589629357736,
    0.0006395269631999406,
    0.0005913547293318936,
    0.0009850021287579529,
    0.0012329254487739361,
    0.000584213361832741,
    0.000845649752118327,
    0.0005690741907154737,
    0.0002873801534944996,
    0.0006312924293639408,
    0.000509660227702664,
    0.0005610353922788614
  ],
  "mCCA_g": [
    1.3434633010498842e-17,
    1.3434633010498842e-17,
    1.99478916161273e-17,
    1.3434633010498842e-17,
    4.637504435608496e-17,
    1.99478916161273e-17,
    -8.759639252771028e-18,
    1.3434633010498842e-17,
    1.926151642078078e-18,
    4.637504435608496e-17,
    2.5236885316541246e-17,
    1.99478916161273e-17,
    6.120677682651428e-17,
    -8.759639252771028e-18,
    3.7143984548923604e-17,
    1.3434633010498842e-17,
    5.063647037084838e-17,
    1.926151642078078e-18,
    3.7671293012435396e-17,
    4.637504435608496e-17
  ],
  "max_d_rep_f": [
    0.9995855654505633,
    0.9995962890124768,
    0.9992236347740305,
    0.9995345057573716,
    0.9997670164305063,
    0.9993181013886091,
    0.9994141676262552,
    0.9996349521526232,
    0.9996913508508807,
    0.9997822570559698,
    0.999619702608278,
    0.99930277357466,
    0.9994325988978031,
    0.9996543269735992,
    0.9995234090779173,
    0.9997942774737931,
    0.9998008666034105,
    0.9995578374463174,
    0.9998175963453927,
    0.9997813851254561
  ],
  "max_d_rep_g": [
    0.9999999999999999,
    1.0,
    1.0,
    1.0,
    1.0,
    1.0,
    0.9999999999999999,
    0.9999999999999999,
    1.0,
    1.0,
    1.0,
    0.9999999999999999,
    1.0,
    1.0,
    0.9999999999999999,
    1.0,
    0.9999999999999999,
    1.0,
    1.0,
    0.9999999999999999
  ]
}